category,subgroup,source_name,source_url,source_method,title,summary,link,published_iso,country_infer,is_SCANDI,is_usa,debate_score,__base_score,most_debated_score,reddit_matches
Politikk,Non-scandi,Politico Europe,https://www.politico.eu/,rss,Is Kemi Badenoch wise to call the Tories ‚Äòa distressed asset‚Äô?,"üëâListen to Politics at Sam and Anne‚Äôs on your podcast appüëà As Conservatives prepare to travel to Manchester for conference (and their opponents are joking that they hope the party enjoys its last conference), Anne‚Äôs got an interview with Kemi Badenoch. The Tory leader tells members to ‚Äúhold their nerve‚Äù with her ‚Äì and comes [‚Ä¶]",https://www.politico.eu/podcast/politics-at-sam-and-annes/is-kemi-badenoch-wise-to-call-the-tories-a-distressed-asset/?utm_source=RSS_Feed&utm_medium=RSS&utm_campaign=RSS_Syndication,2025-10-02T07:55:48+00:00,,False,False,3.8225,3.8225,,
Politikk,Non-scandi,DutchNews.nl,https://www.dutchnews.nl/,rss,Dutch will fetch seriously ill children from Gaza after all,"The Dutch government will take in a limited number of seriously ill children from Gaza for medical treatment after all,...",https://www.dutchnews.nl/2025/10/dutch-children-gaza-hospital/,2025-10-02T07:56:35+00:00,,False,False,3.7725,3.7725,,
Politikk,Non-scandi,Kyiv Independent (EN),https://kyivindependent.com/,rss,Zelensky arrives in Copenhagen for European Political Community summit,"President Volodymyr Zelensky is expected to address the forum, which gathers about 50 heads of state and government alongside EU officials.",https://kyivindependent.com/zelensky-arrives-in-copenhagen-for-european-political-community-summit/,2025-10-02T07:40:59+00:00,,False,False,3.010284486360693,3.010284486360693,,
Politikk,Non-scandi,Times Monaco,https://timesmonaco.com/,rss,Monaco Launches New ‚ÄúOn-Call Doctors‚Äù Service to Strengthen Nighttime Medical Care,"Backed by physicians of the Principality and driven by the Princely Government, the new ‚ÄúM√©decins de Garde Monaco‚Äù service officially begins operations today, marking an important milestone in improving continuity of medical care in Monaco. The day before the launch, on September 30, a symbolic handover ceremony was held for the keys to a vehicle‚Ä¶ The post Monaco Launches New ‚ÄúOn-Call Doctors‚Äù Service to Strengthen Nighttime Medical Care appeared first on Times Monaco.",https://www.timesmonaco.com/monaco-launches-new-on-call-doctors-service/,2025-10-01T06:47:57+00:00,,False,False,2.0766675648598083,2.0766675648598083,,
Kultur,Scandi,Dagens Nyheter (SE),https://www.dn.se/,rss,Milj√∂partiet vill ge en miljard mer till kulturen,Milj√∂partiet vill satsa drygt en miljard p√• kultur ut√∂ver vad Tid√∂regeringen lade i √•rets h√∂stbudget. Det √§r fr√§mst kulturen utanf√∂r storst√§derna som f√•r en ekonomisk kick i partiets kulturbudget.,https://www.dn.se/kultur/miljopartiet-vill-ge-en-miljard-mer-till-kulturen/,2025-10-01T19:40:15+02:00,,True,False,1.6214491835450164,1.6214491835450164,,
Kultur,Scandi,Dagens Nyheter (SE),https://www.dn.se/,rss,Svenska f√∂rem√•l p√• virtuellt museum f√∂r stulen konst,De ov√§rderliga f√∂rem√•len √§r f√∂rsvunna. Men trots det finns de utst√§llda n√§r Unesco och Interpol √∂ppnar v√§rldens f√∂rsta museum f√∂r stulna konstskatter. Sex av dem √§r svenska.,https://www.dn.se/kultur/svenska-foremal-pa-virtuellt-museum-for-stulen-konst/,2025-10-01T14:19:21+02:00,,True,False,1.5297604560012823,1.5297604560012823,,
Kultur,Non-scandi,Euronews (EN),https://www.euronews.com/,rss,"No, Hamburg has not banned music lessons because they're 'haram'","Not only is it untrue that the city of Hamburg has banned music lessons, but most Muslims have embedded music in their culture, religion and daily lives.",http://www.euronews.com/my-europe/2025/10/02/no-hamburg-has-not-banned-music-lessons-because-theyre-haram,2025-10-02T09:41:10+02:00,,False,False,3.0495216782272774,3.0495216782272774,,
Kultur,Non-scandi,Euronews (EN),https://www.euronews.com/,rss,'Truth is the Best Picture': Robert Capa explored in compelling new show at Ara G√ºler Museum,"Istanbul's Ara G√ºler Museum, in collaboration with the Robert Capa Contemporary Photography Centre in Hungary, is showing Capa's stunning work ranging from everyday life to the horrors of war, plus a selection from his time in Turkey in 1946 in the exhibition 'Truth is the Best Picture'.",http://www.euronews.com/culture/2025/10/02/truth-is-the-best-picture-robert-capa-explored-in-compelling-new-show-at-ara-guler-museum,2025-10-02T08:14:42+02:00,,False,False,2.477338259994866,2.477338259994866,,
Kultur,Non-scandi,The Guardian (UK),https://www.theguardian.com/uk,rss,Sali Hughes on beauty: Velcro rollers give your hair added body and bounce,"They‚Äôre portable, easy to use and inextricably linked with good times Few things gladden my heart like the sight of young women arriving at a festival in Velcro rollers ‚Äì and not only because I am unshakeably convinced that everyone looks great in them. Velcros are portable, very easy, require no electricity, cause little to no harm and are inextricably linked, for me, with the sense of imminent good times. They lift roots, create volume and give a smoother, more sophisticated look than heatless curls created by those satin-covered bendy rollers so loved on TikTok. They can easily give a more modern shape than the sort of Charlie‚Äôs Angels blow-dry one might fear. Hairdresser Sam McKnight, famed for his love of rollers to create big, bouncy dos, has a kit to make light work of the job. The Big Set (¬£50) sells out regularly but recently came back into stock. It comprises 18 variously sized Velcro rollers and clips, as well as a retro-futuristic inflatable thermal bonnet with a hose that attaches to your hairdryer, mimicking the sort of heated hood one‚Äôs nan or great-grandmother might have sat under with a copy of Women‚Äôs Realm for her weekly curl and set. It‚Äôs a satisfying and effective piece of kit, but the benefit of plain old Velcro rollers is that they don‚Äôt require extended periods of heat exposure, causing less hair damage than other styling tools, so I would recommend you keep things simpler until you‚Äôve nailed the method. Continue reading...",https://www.theguardian.com/fashion/2025/oct/01/sali-hughes-on-beauty-velcro-rollers-give-hair-body-bounce,2025-10-01T09:00:08+00:00,,False,False,2.083739493818739,2.083739493818739,,
Kultur,Non-scandi,NEWS.MC ‚Äì Monaco (EN),https://news.mc/,rss,Princess Margarita de Bourbon de Parme shines at Monte-Carlo‚Äôs Art & Luxury Fair,"Under the High Patronage of His Serene Highness Prince Albert II, the H√¥tel M√©tropole Monte-Carlo once again became a showcase of elegance, innovation and artistic excellence during the second Monegasque edition of the Art & Luxury Fair, held from September 24 to 26. A highlight of this year‚Äôs fair was the presence of H.R.H. Princess [‚Ä¶] The post Princess Margarita de Bourbon de Parme shines at Monte-Carlo‚Äôs Art & Luxury Fair appeared first on NEWS.MC - Monaco News.",https://news.mc/2025/09/30/princess-margarita-de-bourbon-de-parme-shines-at-monte-carlos-art-luxury-fair/,2025-09-30T12:42:47+00:00,,False,False,2.0452767706826824,2.0452767706826824,,
N√¶ringsliv og nasjonal√∏konomi,Scandi,Politiken ‚Äì Seneste nyt (DA),https://politiken.dk/,rss,√Üldre mand er d√∏d efter ulykke ved museum,"Danmark | Sektionen med Politikens unders√∏gende journalistik og seneste nyt indenfor politik, ret, sundhed, uddannelse, forbrug, √∏konomi og aktuelle temaer",https://politiken.dk/danmark/art10570061/%C3%86ldre-mand-er-d%C3%B8d-efter-ulykke-ved-museum,2025-10-01T18:36:26+02:00,,True,False,1.5103604898831609,1.5103604898831609,,
N√¶ringsliv og nasjonal√∏konomi,Non-scandi,Radio Prague International (EN),https://english.radio.cz/,rss,"New 10,000-crown gold coin marks reign of Duke Wenceslas","The Czech National Bank has issued a special 10,000-crown gold coin to commemorate 1,100 years since the start of Duke Wenceslas‚Äôs rule. Only 7,200 pieces were minted and unveiled at a ceremony in Prague‚Äôs Archbishop‚Äôs Palace. Designed by sculptor Zbynƒõk Fojt≈Ø, the coin weighs one troy ounce and features St. Vitus‚Äôs rotunda with the P≈ôemyslid coat of arms on one side and depictions of St. Wenceslas on the other. Although its face value is 10,000 crowns, the price on the market is around 100,000. Governor Ale≈° Michl said the issue also highlights CNB‚Äôs growing gold reserves.",https://english.radio.cz/new-10000-crown-gold-coin-marks-reign-duke-wenceslas-8864430,2025-10-01T19:04:00+02:00,,False,False,2.1264290301305144,2.1264290301305144,,
N√¶ringsliv og nasjonal√∏konomi,Non-scandi,NEWS.MC ‚Äì Monaco (EN),https://news.mc/,rss,Oktoberfest set to bring Bavarian spirit back to Monaco‚Äôs Condamine Market,"Monaco‚Äôs autumn calendar will once again feature a Bavarian highlight, as Oktoberfest returns to the March√© de la Condamine from Thursday, October 2 to Saturday, October 4. Organised by the Monaco Town Hall, the event has become a fixture of local tradition, transforming the covered market into a lively celebration of music, food and conviviality. [‚Ä¶] The post Oktoberfest set to bring Bavarian spirit back to Monaco‚Äôs Condamine Market appeared first on NEWS.MC - Monaco News.",https://news.mc/2025/10/01/oktoberfest-set-to-bring-bavarian-spirit-back-to-monacos-condamine-market/,2025-10-01T08:40:10+00:00,,False,False,2.082588750256181,2.082588750256181,,
N√¶ringsliv og nasjonal√∏konomi,Non-scandi,Brussels Morning (EN),https://brusselsmorning.com/,rss,All Arrows Point to Change: Iran‚Äôs Regime Running Out of Time,"All Arrows Point to Change: Iran‚Äôs Regime Running Out of Time The Return of the Snapback Mechanism Since 28 September 2025, international headlines once again centered on Iran as the long-debated ‚Äú snapback ‚Äù mechanism was formally activated under United Nations Security Council Resolution 2231. This decision effectively reinstates the ‚Ä¶ Read more Continue reading All Arrows Point to Change: Iran‚Äôs Regime Running Out of Time at The Brussels Morning Newspaper.",https://brusselsmorning.com/all-arrows-point-to-change-irans-regime-running-out-of-time/79697/,2025-09-29T12:13:41+00:00,,False,False,2.0291299919168067,2.0291299919168067,,
N√¶ringsliv og nasjonal√∏konomi,Non-scandi,Times Monaco,https://timesmonaco.com/,rss,Madalina Caminschi: A New Voice of Authentic Luxury in Milan,"On September 22nd, during Milan Fashion Week, a new name made its debut on the international fashion stage: Madalina Caminschi. With a collection that is at once refined, powerful, and timeless, the maison marks the beginning of a journey rooted in conviction, craftsmanship, and a clear vision of what modern luxury should be. From Business‚Ä¶ The post Madalina Caminschi: A New Voice of Authentic Luxury in Milan appeared first on Times Monaco.",https://www.timesmonaco.com/madalina-caminschi-a-new-voice-of-authentic-luxury-in-milan/,2025-09-29T08:56:28+00:00,,False,False,2.0277991265769195,2.0277991265769195,,
Vitenskap,Scandi,Dagens Nyheter (SE),https://www.dn.se/,rss,Schimpansexperten Jane Goodall d√∂d,Den v√§rldsk√§nda primatologen Jane Goodall har avlidit. Hennes forskning var banbrytande och √§r central f√∂r dagens f√∂rst√•else av schimpanser. Hon blev 91 √•r gammal.,https://www.dn.se/varlden/schimpansexperten-jane-goodall-dod/,2025-10-01T20:58:02+02:00,,True,False,1.5511923490336097,1.5511923490336097,,
Vitenskap,Scandi,Omni (SE),https://omni.se/,html,"‚ÄùMagnifika sjuan √§r pass√© ‚Äì dessa AI-vinnare kan ta √∂ver‚ÄùAI-revolutionen banar v√§g f√∂r nya vinnaraktier, som inte sj√§lvklart tillh√∂r dagens mest etablerade techbj√§ssar. Forna b√∂rsdragloken i ‚Äùmagnifika sjuan‚Äù b√∂rjar se utdaterade ut. I‚ÄØst√§llet kan andra aktier segla upp som investerarfavoriter och bli en storslagen √•tta eller en gyllene tolva, skriver Bloomberg.","AI-revolutionen banar v√§g f√∂r nya vinnaraktier, som inte sj√§lvklart tillh√∂r dagens mest etablerade techbj√§ssar. Forna b√∂rsdragloken i ‚Äùmagnifika sjuan‚Äù b√∂rjar se utdaterade ut. I st√§llet kan andra aktier segla upp som investerarfavoriter och bli en storslagen √•tta eller en gyllene tolva, skriver Bloomberg.",https://omni.se/magnifika-sjuan-ar-passe-dessa-ai-vinnare-kan-ta-over/a/9357or,,,True,False,1.1675,1.1675,,
Vitenskap,Scandi,Omni (SE),https://omni.se/,html,"Open AI: s nya videoapp anklagas f√∂r upphovsr√§ttsintr√•ng: ‚ÄùSj√§ll√∂s sm√∂rja‚ÄùOpen AI:s nya sociala app Sora har p√• bara ett dygn fyllts av AI-genererade deepfakes av vd:n Sam Altman, skriver Techcrunch. Bland videorna syns Altman servera kaffe √•t Pikachu p√• Starbucks eller stj√§la Nvidias kretsar fr√•n Target.1 tim","Open AI:s nya sociala app Sora har p√• bara ett dygn fyllts av AI-genererade deepfakes av vd:n Sam Altman, skriver Techcrunch. Bland videorna syns Altman servera kaffe √•t Pikachu p√• Starbucks eller stj√§la Nvidias kretsar fr√•n Target.",https://omni.se/open-ai-s-nya-videoapp-anklagas-for-upphovsrattsintrang-sjallos-smorja/a/RzvLxd,,,True,False,0.98,0.98,,
Vitenskap,Scandi,Omni (SE),https://omni.se/,html,"Anst√§llda miljards√§ljer i Open AI ‚Äì n√•r rekordv√§rderingNuvarande och tidigare anst√§llda i Open¬†AI har s√•lt aktier f√∂r runt 6,6 miljarder dollar, efter att bolaget √∂ppnat d√∂rren f√∂r en s√• kallad sekund√§r aktief√∂rs√§ljning. Det uppger k√§llor f√∂r Bloomberg.26 min","Nuvarande och tidigare anst√§llda i Open AI har s√•lt aktier f√∂r runt 6,6 miljarder dollar, efter att bolaget √∂ppnat d√∂rren f√∂r en s√• kallad sekund√§r aktief√∂rs√§ljning. Det uppger k√§llor f√∂r Bloomberg.",https://omni.se/anstallda-miljardsaljer-i-open-ai-nar-rekordvardering/a/B0oO6Q,,,True,False,0.895,0.895,,
Vitenskap,Non-scandi,NL Times,https://nltimes.nl/,rss,Consumentenbond: Google must allow users to opt out of often inaccurate AI overview,"The ‚ÄúAI overview‚Äù that now appears when users type a search query into Google is often flawed, and Google does not allow users to permanently disable this AI function.",https://nltimes.nl/2025/10/02/consumentenbond-google-must-allow-users-opt-often-inaccurate-ai-overview,2025-10-02T09:14:00+00:00,,False,False,3.46,3.46,,
Vitenskap,Non-scandi,Politico Europe,https://www.politico.eu/,rss,AI tests Europe‚Äôs social model,SNEAK PEEK ‚Äî Can Europe trust AI in health care and will it impact the EU‚Äôs social contract? The Gastein health forum got philosophical. ‚Äî Sticking with the topic: The European Commission wants to boost AI use in biotech research. ‚Äî And countries were supportive of the Danes‚Äô plan to cut red tape in pharma talks. [‚Ä¶],https://www.politico.eu/article/ai-tests-eus-welfare-state/?utm_source=RSS_Feed&utm_medium=RSS&utm_campaign=RSS_Syndication,2025-10-02T05:00:00+00:00,,False,False,2.309691667596153,2.309691667596153,,
Vitenskap,Non-scandi,Estonian World (EN),https://estonianworld.com/,rss,Many LatAm students can apply for a long-term Estonian visa in their home countries,"Many LatAm students can apply for a long-term Estonian visa in their home countries Starting from 30 September, students from Argentina, Brazil, Colombia, Mexico and Chile can apply for a long-stay visa to study in Estonia more conveniently than before ‚Äì right in their home countries. The Estonian foreign ministry has a cooperation agreement with the external service provider VF Worldwide Holdings, concerning the reception of visa applications at the visa centres of VFS Global. From 30 September onwards, it will be possible to apply for a long-stay visa to study in Estonia at the VFS Global Visa Centres in Buenos Aires, Argentina; Bogot√°, Colombia; Mexico City, Mexico; Santiago, Chile; and S√£o Paulo, Brazil, and on 6 October in Rio de Janeiro and Brasilia, Brazil. Continue reading Many LatAm students can apply for a long-term Estonian visa in their home countries at Estonian World.",https://estonianworld.com/knowledge/many-latam-students-can-apply-for-a-long-term-estonian-visa-in-their-home-countries/,2025-09-30T23:33:04+00:00,,False,False,2.059997531592055,2.059997531592055,,
Vitenskap,Non-scandi,DutchNews.nl,https://www.dutchnews.nl/,rss,"Brainport Eindhoven short of space, homes and workers: report","The technology and innovation region Brainport Eindhoven will generate another 115,000 jobs over the next 25 years, but a shortage...",https://www.dutchnews.nl/2025/10/brainport-eindhoven-short-of-space-homes-and-workers-report/,2025-10-01T13:02:14+00:00,,False,False,1.890762779392901,1.890762779392901,,
Utenriks uten USA,Non-scandi,DutchNews.nl,https://www.dutchnews.nl/,rss,House in Brabant where Marx wrote Das Kapital up for sale,"Gasthuisstraat 12 in Zaltbommel, Brabant, the house where Karl Marx wrote part of Das Kapital is for sale for over...",https://www.dutchnews.nl/2025/10/house-in-brabant-where-marx-wrote-das-kapital-up-for-sale/,2025-10-02T07:36:52+00:00,,False,False,3.5280986676097243,3.5280986676097243,,
Utenriks uten USA,Non-scandi,NL Times,https://nltimes.nl/,rss,Collective wage increases slowing down; Up 4.5% in quarter 3,"In the third quarter, wages in collective bargaining agreements increased by approximately 4.6 percent, Statistics Netherlands (CBS)",https://nltimes.nl/2025/10/02/collective-wage-increases-slowing-45-quarter-3,2025-10-02T08:41:00+00:00,,False,False,3.525,3.525,,
Utenriks uten USA,Non-scandi,NL Times,https://nltimes.nl/,rss,Israel intercepts Dutch boat in Gaza flotilla; At least 11 Dutch in Israeli custody,"The Israeli army has intercepted the Dutch vessel Mohammed Bhar, which formed part of the flotilla trying to bring aid supplies to Gaza. The seven people on board were arrested.",https://nltimes.nl/2025/10/02/israel-intercepts-dutch-boat-gaza-flotilla-least-11-dutch-israeli-custody,2025-10-02T08:17:00+00:00,,False,False,3.485,3.485,,
Utenriks uten USA,Non-scandi,BBC News ‚Äì Top stories,https://www.bbc.co.uk/news,rss,Watch: Met Police chief says Panorama's findings are 'horrific',Met Police chief Sir Mark Rowley has spoken to BBC London after a Panorama investigation found misogyny and racism inside the force.,https://www.bbc.com/news/videos/c20e238mgkeo?at_medium=RSS&at_campaign=rss,2025-10-02T07:58:21+00:00,,False,False,3.33,3.33,,
Kronikk,Scandi,Dagens Nyheter (SE),https://www.dn.se/,rss,DN Debatt. ‚ÄùSkandalen i Karlstad blottar priset f√∂r IES tystnadskultur‚Äù,"DN DEBATT. I √•ratal utsattes elever f√∂r √∂vergrepp av en anst√§lld p√• Internationella engelska skolan i Karlstad utan att n√•gon ingrep ‚Äì trots larm. Den sektliknande organisationsstrukturen d√§r kritik tystas och aktie√§garnas intressen v√§ger tyngre √§n barnens kr√§ver att vi inf√∂r en lex Sarah √§ven i skolan, skriver Catharina Hetzer, tidigare facklig f√∂retr√§dare inom skolkoncernen.",https://www.dn.se/debatt/skandalen-i-karlstad-blottar-priset-for-ies-tystnadskultur/,2025-10-01T13:48:50+02:00,,True,False,2.0424129973325837,2.0424129973325837,,
Kronikk,Scandi,Dagens Nyheter (SE),https://www.dn.se/,rss,DN Debatt. ‚ÄùSkrota rot och s√§nk skatten f√∂r h√∂ginkomsttagare‚Äù,"DN DEBATT. Sverige har egentligen goda f√∂ruts√§ttningar f√∂r tillv√§xt, men det finns ocks√• stora problem. Nu l√§mnar vi v√•rt slutbet√§nkande om hur Sverige ska ta klivet fram och √∂ka v√§lst√•ndet. Vi f√∂resl√•r bland annat h√∂jd bensinskatt, sk√§rpta kontroller inom v√§lf√§rden och att klimatm√•len ska harmoniseras med EU:s, skriver f√∂retr√§dare f√∂r regeringens Produktivitetskommission.",https://www.dn.se/debatt/skrota-rot-och-sank-skatten-for-hoginkomsttagare/,2025-09-30T20:00:00+02:00,,True,False,1.9889326308308848,1.9889326308308848,,
Kronikk,Scandi,Dagens Nyheter (SE),https://www.dn.se/,rss,DN Debatt Repliker. ‚ÄùEmojis och memes kan eleverna syssla med p√• fritiden‚Äù,"DN DEBATT REPLIK. Utbildningsminister Simona Mohamsson (L) och gymnasie, h√∂gskole- och forskningsminister Lotta Edholm (L): En av fyra 15-√•ringar kan inte l√§sa ordentligt och riskerar att komma ut i samh√§llet som funktionella analfabeter.",https://www.dn.se/debatt/emojis-och-memes-kan-eleverna-syssla-med-pa-fritiden/,2025-10-01T10:53:11+02:00,,True,False,1.6783352787809485,1.6783352787809485,,
Kronikk,Scandi,Dagens Nyheter (SE),https://www.dn.se/,rss,Hatbrott i Frankrike ‚Äì med koppling till Moskva,Sk√§ndade synagogor i Paris v√§ckte oro om √∂kad antisemitism. Grishuvuden vid mosk√©er gav debatt om islamofobi. Men bakom allt stod samma f√∂r√∂vare ‚Äì och sp√•ren leder till Moskva.,https://www.dn.se/varlden/hatbrott-i-frankrike-med-koppling-till-moskva/,2025-10-01T06:12:33+02:00,,True,False,1.5097431022881844,1.5097431022881844,,
Kronikk,Non-scandi,Euronews (EN),https://www.euronews.com/,rss,Georgia's path toward EU membership remains steady and irreversible,"Georgia‚Äôs path is European, peaceful, and principled. We are doing our part. We remain steadfast in reform, committed to our obligations, and focused on delivering results, Georgian Prime Minister Irakli Kobakhidze writes in an exclusive op-ed for Euronews.",http://www.euronews.com/2025/10/01/georgias-path-toward-eu-membership-remains-steady-and-irreversible,2025-10-01T12:36:46+02:00,,False,False,1.7322946244176465,1.7322946244176465,,
Kronikk,Non-scandi,Notes from Poland,https://notesfrompoland.com/,rss,Poland launches deposit-refund system for drinks bottles and cans,"Notes from Poland is run by a small editorial team and is published by an independent, non-profit foundation that is funded through donations from our readers. We cannot do what we do without your support.",https://notesfrompoland.com/2025/10/01/poland-launches-deposit-refund-system-for-drinks-bottles-and-cans/,2025-10-01T14:53:02+00:00,,False,False,1.623599095334187,1.623599095334187,,
Kronikk,Non-scandi,Notes from Poland,https://notesfrompoland.com/,rss,Polish prosecutors take no action regarding Ukrainian nationalist flag at Warsaw concert,"Notes from Poland is run by a small editorial team and is published by an independent, non-profit foundation that is funded through donations from our readers. We cannot do what we do without your support.",https://notesfrompoland.com/2025/10/01/polish-prosecutors-take-no-action-regarding-ukrainian-nationalist-flag-at-warsaw-concert/,2025-10-01T13:56:58+00:00,,False,False,1.6181167466575364,1.6181167466575364,,
Kronikk,Non-scandi,Notes from Poland,https://notesfrompoland.com/,rss,Orb√°n accuses Tusk of ‚Äúplaying dangerous game‚Äù with claims Ukraine conflict is ‚Äúour war‚Äù,"Notes from Poland is run by a small editorial team and is published by an independent, non-profit foundation that is funded through donations from our readers. We cannot do what we do without your support.",https://notesfrompoland.com/2025/10/01/orban-accuses-tusk-of-playing-dangerous-game-with-claims-ukraine-conflict-is-our-war/,2025-10-01T08:33:42+00:00,,False,False,1.594722754526828,1.594722754526828,,
Underholdning,Scandi,Dagens Nyheter (SE),https://www.dn.se/,rss,Ins√§ndare. Orimligt att pirats√§nd tv ska ge l√§ngre straff √§n grooming,"INS√ÑNDARE. Det m√•ste finnas rim och reson i straffskalan f√∂r att r√§ttssystemet ska beh√•lla sin trov√§rdighet hos allm√§nheten. Barns r√§tt till trygghet m√•ste v√§ga tyngre √§n tv-r√§ttighetsinnehavarnas f√∂rlorade int√§kter, skriver Leif Ekman.",https://www.dn.se/insandare/orimligt-att-piratsand-tv-ska-ge-langre-straff-an-grooming/,2025-10-01T17:44:49+02:00,,True,False,1.7066936974513085,1.7066936974513085,,
Underholdning,Scandi,TV 2 Nyheder (DA),https://nyheder.tv2.dk/,html,LiveDroner over DanmarkTo anholdt p√É¬• mist√É¬¶nkt skyggefl√É¬•deskib,"Hvad sker der? Franske soldater er onsdag g√É¬•et ombord p√É¬• det russiske skyggefl√É¬•deskib Pushpa, der kan have forbindelse til dronesagen i Danmark. Det skriver det franske nyhedsbureau AFP og det franske medie√Ç Le Parisien √Ç med henvisning til billeder af soldater ombord p√É¬• skibet. Har du set eller h√É¬∏rt noget? Har du billeder eller video af dronerne? S√É¬• h√É¬∏rer TV 2 gerne fra dig p√É¬•√Ç 1234@tv2.dk",https://nyheder.tv2.dk/live/krimi/2025-09-22-droner-over-danmark,,,True,False,1.4,1.4,,
Underholdning,Scandi,TV 2 Nyheder (DA),https://nyheder.tv2.dk/,html,D√É¬∏den i paradisUng mand blev blind efter forgiftet drink,TV 2 giver dig overblik over de mest aktuelle nyheder og historier i samfundet lige nu - p√É¬• under et minut.,https://tv2.dk/echo/reel/2025-09-30-ung-mand-blev-blind-efter-forgiftet-drink-6380366810112,,,True,False,0.67,0.67,,
Underholdning,Scandi,TV 2 Nyheder (DA),https://nyheder.tv2.dk/,html,SamfundMette Frederiksen vil ikke svare p√É¬• sp√É¬∏rgsm√É¬•l om tilbageholdt skib,TV 2 giver dig overblik over de mest aktuelle nyheder og historier i samfundet lige nu - p√É¬• under et minut.,https://tv2.dk/nyheder/reel/2025-10-01-mette-frederiksen-vil-ikke-svare-paa-spoergsmaal-om-tilbageholdt-skib-6380607627112,,,True,False,0.67,0.67,,
Underholdning,Non-scandi,The Guardian (UK),https://www.theguardian.com/uk,rss,"Disclosure: Care Home Undercover review ‚Äì this brilliant, blood-boiling documentary exposes a grim reality","This Inverness institution promised fine dining and champagne for residents. Instead, this documentary depicts abhorrent neglect Continue reading...",https://www.theguardian.com/tv-and-radio/2025/oct/01/disclosure-care-home-undercover-review-this-brilliant-blood-boiling-documentary-exposes-a-grim-reality,2025-10-01T20:00:28+00:00,,False,False,1.9678030890387763,1.9678030890387763,,
Underholdning,Non-scandi,RFE/RL ‚Äì Ukraine (EN),https://www.rferl.org/Ukraine,rss,Serbia Questions 11 Suspects Over Pig Heads And Other Hate Acts In France,"Authorities in Serbia have said they are questioning 11 people suspected of involvement in a series of hate acts against Muslim and Jewish sites in France, which included placing pigs‚Äô heads outside mosques and daubing synagogues in green paint.",https://www.rferl.org/a/serbia-france-pig-heads-hate-suspects/33545977.html,2025-10-01T13:29:56+02:00,,False,False,1.706015017655394,1.706015017655394,,
Underholdning,Non-scandi,Deutsche Welle ‚Äì English,https://www.dw.com/en/top-stories,rss,Older film and TV actors who retain star power,"Populations around the world are aging fast. But, from Steve Martin to Helen Mirren, leading older actors are showing how seniors can have a starring role in healthy and diverse societies.",https://www.dw.com/en/older-film-and-tv-actors-who-retain-star-power/a-74145758?maca=en-rss-en-top-1022-rdf,2025-10-01T18:20:00+00:00,,False,False,1.6074333590232752,1.6074333590232752,,
Underholdning,Non-scandi,EL PA√çS (EN),https://english.elpais.com/,rss,"A true crime, an empathetic kidnapper and Al Pacino: How ‚ÄòDog Day Afternoon‚Äô made history","Fifty years after its premiere, it is still remembered as a brave, intelligent and emotional film, one of the pearls of New Hollywood and a highlight in the career of one of the big screen‚Äôs biggest stars",https://english.elpais.com/culture/2025-09-26/a-true-crime-an-empathetic-kidnapper-and-al-pacino-how-dog-day-afternoon-made-history.html,2025-09-26T14:21:19+00:00,,False,False,1.5244372489295792,1.5244372489295792,,
USA,Scandi,Politiken ‚Äì Seneste nyt (DA),https://politiken.dk/,rss,"Demokraterne og republikanerne sk√¶ndes h√∏jlydt om, hvem der skal have skylden for, at staten lukkes ned","Demokrater og republikanere st√•r stejlt over for hinanden i en konflikt, der sender statsansatte hjem. Begge partier er rykket l√¶ngere v√¶k fra pragmatiske l√∏sninger, derfor kan nedlukningen blive langvarig, skriver USA-korrespondent Jacob Fuglsang i denne analyse.",https://politiken.dk/internationalt/int_usa/art10568555/Demokraterne-og-republikanerne-sk%C3%A6ndes-h%C3%B8jlydt-om-hvem-der-skal-have-skylden-for-at-staten-lukkes-ned,2025-10-02T06:39:13+02:00,,True,True,2.132565255435932,2.132565255435932,,
USA,Scandi,Dagens Nyheter (SE),https://www.dn.se/,rss,Flygexpert: S√§kerheten f√∂rs√§mras efter nedst√§ngningen i USA,"Eftersom Republikanerna och Demokraterna inte har lyckats komma √∂verens om budgeten har den offentliga sektorn i USA tvingats st√§nga ner. Detta kommer att drabba s√§kerheten hos en redan h√•rt pressad amerikansk flygbransch, enligt flygexperten Jan Ohlsson.",https://www.dn.se/ekonomi/flygexpert-sakerheten-forsamras-efter-nedstangningen-i-usa/,2025-10-01T18:13:36+02:00,,True,True,1.7575540632720097,1.7575540632720097,,
USA,Scandi,Dagens Nyheter (SE),https://www.dn.se/,rss,Toppmilit√§rer blixtinkallades till m√∂te,"USA:s f√∂rsvarsminister Pete Hegseth kritiserade ‚Äùfeta generaler‚Äù och m√•ngfaldsinitiativ vid tisdagens hastigt sammankallade m√∂te med hundratals toppmilit√§rer i Virginia. ‚Äì V√§lkomna till krigsdepartementet, f√∂r eran med f√∂rsvarsdepartementet √§r √∂ver, sade Hegseth.",https://www.dn.se/varlden/hegseth-malet-ar-att-utkampa-krig/,2025-09-30T15:09:44+02:00,,True,True,1.703241886929669,1.703241886929669,,
USA,Non-scandi,Euronews (EN),https://www.euronews.com/,rss,Pope Leo XIV weighs in on abortion debate by questioning what it really means to be 'pro-life',"The US-born pontiff highlighted flaws within the conservative ""pro-life"" movement, which seeks to ban abortions across the US, asserting that being truly pro-life also includes having an anti-capital punishment stance.",http://www.euronews.com/2025/10/02/pope-leo-xiv-weighs-in-on-abortion-debate-by-questioning-what-it-really-means-to-be-pro-li,2025-10-02T09:12:31+02:00,,False,True,2.737442098074803,2.737442098074803,,
USA,Non-scandi,Politico Europe,https://www.politico.eu/,rss,Something is begotten in the state of Denmark,"Good Thursday morning. This is Dan Bloom, frantically checking all my flags to make sure they‚Äôre the right shade of red for Donald Trump. DRIVING THE DAY SCANDI NOIR: Keir Starmer will spend today trying to sell Brits a new migration crackdown, two days after he promised to take the fight to Nigel Farage. Both [‚Ä¶]",https://www.politico.eu/newsletter/london-playbook/something-is-begotten-in-the-state-of-denmark/?utm_source=RSS_Feed&utm_medium=RSS&utm_campaign=RSS_Syndication,2025-10-02T05:59:29+00:00,,False,True,2.47848123814815,2.47848123814815,,
USA,Non-scandi,RT√â News (IE),https://www.rte.ie/news/,rss,'Optimism and success' - Gala celebrates Morrison visas,"45,000 Irish people went to America under the Morrison Visa programme between 1992 and 1995, reporter Yvonne Murray meets some of those recipients at a glitzy gala dinner at the top of the Rockefeller Centre in New York to hear their stories.",https://www.rte.ie/news/world/2025/1002/1536395-morrison-legacy-celebration/,2025-10-02T07:06:35+01:00,,False,True,2.325431764482283,2.325431764482283,,
Mest debattert,‚Äî,Euronews (EN),https://www.euronews.com/,rss,"Ukraine begins sharing drone expertise with Denmark deployment, Zelenskyy says","EU defence ministers agreed last week to build what they called a ""drone wall"" to better detect, track and intercept drones violating Europe's airspace.",http://www.euronews.com/2025/09/30/ukraine-begins-sharing-drone-expertise-with-denmark-deployment-zelenskyy-says,2025-09-30T15:51:41+02:00,,,,,,13.598591611192838,"[{""subreddit"": ""worldnews"", ""r_title"": ""Ukraine begins sharing drone expertise with Denmark deployment, Zelenskyy says"", ""permalink"": ""https://reddit.com/r/worldnews/comments/1nueagi/ukraine_begins_sharing_drone_expertise_with/"", ""debate_score"": 1103, ""sim"": 1.0}, {""subreddit"": ""worldnews"", ""r_title"": ""Ukraine begins sharing drone expertise with Denmark deployment, Zelenskyy says"", ""permalink"": ""https://reddit.com/r/worldnews/comments/1nun0bm/ukraine_begins_sharing_drone_expertise_with/"", ""debate_score"": 279, ""sim"": 1.0}]"
Mest debattert,‚Äî,Le Monde (EN),https://www.lemonde.fr/en/,rss,Night trains linking Paris to Vienna and Berlin to end as France cuts subsidies,"Despite averaging 70% occupancy this year, operators say the services are not financially viable without state support, dealing a blow to Europe's night train revival.",https://www.lemonde.fr/en/economy/article/2025/09/29/paris-vienna-and-paris-berlin-night-trains-to-end-as-france-cuts-subsidies_6745904_19.html,2025-09-29T15:58:51+02:00,,,,,,12.158139444989937,"[{""subreddit"": ""europe"", ""r_title"": ""Night trains linking Paris to Vienna and Berlin to end as France cuts subsidies"", ""permalink"": ""https://reddit.com/r/europe/comments/1ntp66e/night_trains_linking_paris_to_vienna_and_berlin/"", ""debate_score"": 1742, ""sim"": 1.0}, {""subreddit"": ""europe"", ""r_title"": ""Night trains linking Paris to Vienna and Berlin to end as France cuts subsidies"", ""permalink"": ""https://reddit.com/r/europe/comments/1nu7c0j/night_trains_linking_paris_to_vienna_and_berlin/"", ""debate_score"": 41, ""sim"": 1.0}]"
Mest debattert,‚Äî,Euronews (EN),https://www.euronews.com/,rss,Poland arrests Ukrainian man over 2022 Nord Stream gas pipeline explosions,His capture marks the second arrest of a Ukrainian man suspected of being involved in the sabotage of the gas pipelines under the Baltic Sea.,http://www.euronews.com/2025/09/30/poland-arrests-ukrainian-man-over-2022-nord-stream-gas-pipeline-explosions,2025-09-30T14:32:02+02:00,,,,,,11.634878977172823,"[{""subreddit"": ""europe"", ""r_title"": ""Poland arrests a Ukrainian suspected in the 2022 Nord Stream gas pipeline explosions"", ""permalink"": ""https://reddit.com/r/europe/comments/1nud9f0/poland_arrests_a_ukrainian_suspected_in_the_2022/"", ""debate_score"": 232, ""sim"": 0.8692560693412326}, {""subreddit"": ""news"", ""r_title"": ""Poland detains Ukrainian over 2022 Nord Stream gas pipeline explosions"", ""permalink"": ""https://reddit.com/r/news/comments/1nv4kc2/poland_detains_ukrainian_over_2022_nord_stream/"", ""debate_score"": 144, ""sim"": 0.7950292205083703}]"
Mest debattert,‚Äî,Euronews (EN),https://www.euronews.com/,rss,YouTube to pay ‚Ç¨21 million to settle lawsuit with Trump over account suspension in 2021,"Donald Trump had filed lawsuits against Meta and X, formerly Twitter, after the media platforms suspended his account following the January 6 Capitol riots in 2021. Meta and X agreed earlier this year to pay to settle the lawsuits.",http://www.euronews.com/2025/09/30/youtube-to-pay-21-million-to-settle-lawsuit-with-trump-over-account-suspension-in-2021,2025-09-30T05:50:43+02:00,,,,,,10.74465279028822,"[{""subreddit"": ""news"", ""r_title"": ""YouTube to pay $24.5 million to settle 2021 lawsuit by Donald Trump over January 6th account suspension"", ""permalink"": ""https://reddit.com/r/news/comments/1ntwctt/youtube_to_pay_245_million_to_settle_2021_lawsuit/"", ""debate_score"": 21908, ""sim"": 0.744100777338319}]"
Mest debattert,‚Äî,Euronews (EN),https://www.euronews.com/,rss,Supreme Court lets Lisa Cook remain a Federal Reserve governor for now,"Fed governor Cook will be able to take part in the remaining two Fed meetings in 2025, including the next meeting of its interest rate-setting committee in late October.",http://www.euronews.com/business/2025/10/02/supreme-court-lets-lisa-cook-remain-a-federal-reserve-governor-for-now,2025-10-02T08:38:35+02:00,,,,,,10.152694764470512,"[{""subreddit"": ""news"", ""r_title"": ""Supreme Court lets Lisa Cook remain as a Federal Reserve governor for now"", ""permalink"": ""https://reddit.com/r/news/comments/1nvaswf/supreme_court_lets_lisa_cook_remain_as_a_federal/"", ""debate_score"": 12120, ""sim"": 0.9924513775808441}]"
